<!DOCTYPE html><html lang="en"><head><meta charSet="utf-8"/><meta name="viewport" content="width=device-width, initial-scale=1"/><meta name="title"/><meta name="description"/><meta property="og:title"/><meta property="og:type" content="website"/><meta property="og:url" content="https://rowzero.io/s/zip_county.csv"/><meta property="og:description"/><meta property="og:image" content="/images/social-share-updates.jpg"/><link rel="shortcut icon" type="image/png" href="/images/favicon.png"/><title>404: This page could not be found</title><meta name="next-head-count" content="11"/><link rel="preload" href="/_next/static/css/7a168738d99a0761.css" as="style"/><link rel="stylesheet" href="/_next/static/css/7a168738d99a0761.css" data-n-g=""/><noscript data-n-css=""></noscript><script defer="" nomodule="" src="/_next/static/chunks/polyfills-c67a75d1b6f99dc8.js"></script><script src="/_next/static/chunks/webpack-d5bbb0b8d9193a3e.js" defer=""></script><script src="/_next/static/chunks/framework-1f1fb5c07f2be279.js" defer=""></script><script src="/_next/static/chunks/main-b600abdf06ee3e60.js" defer=""></script><script src="/_next/static/chunks/pages/_app-b9596948d3937104.js" defer=""></script><script src="/_next/static/chunks/pages/_error-02cc11fd74b4e5ff.js" defer=""></script><script src="/_next/static/hIzrWIIUxRNNXjEZLm_it/_buildManifest.js" defer=""></script><script src="/_next/static/hIzrWIIUxRNNXjEZLm_it/_ssgManifest.js" defer=""></script></head><body><div id="__next"><div style="font-family:-apple-system, BlinkMacSystemFont, Roboto, &quot;Segoe UI&quot;, &quot;Fira Sans&quot;, Avenir, &quot;Helvetica Neue&quot;, &quot;Lucida Grande&quot;, sans-serif;height:100vh;text-align:center;display:flex;flex-direction:column;align-items:center;justify-content:center"><div><style>
                body { margin: 0; color: #000; background: #fff; }
                .next-error-h1 {
                  border-right: 1px solid rgba(0, 0, 0, .3);
                }

                @media (prefers-color-scheme: dark) {
                  body { color: #fff; background: #000; }
                  .next-error-h1 {
                    border-right: 1px solid rgba(255, 255, 255, .3);
                  }
                }</style><h1 class="next-error-h1" style="display:inline-block;margin:0;margin-right:20px;padding:0 23px 0 0;font-size:24px;font-weight:500;vertical-align:top;line-height:49px">404</h1><div style="display:inline-block;text-align:left;line-height:49px;height:49px;vertical-align:middle"><h2 style="font-size:14px;font-weight:normal;line-height:49px;margin:0;padding:0">This page could not be found<!-- -->.</h2></div></div></div></div><script id="__NEXT_DATA__" type="application/json">{"props":{"pageProps":{"statusCode":404},"__isSubdomain":true},"page":"/_error","query":{},"buildId":"hIzrWIIUxRNNXjEZLm_it","isFallback":false,"gip":true,"appGip":true,"scriptLoader":[]}</script></body><script>
              const isLocalhost = document.location.host.startsWith('localhost');

              const script = document.createElement('script');
              script.src = isLocalhost
                ? '//localhost:8080/static/eventLogger.v2.js'
                : '//' + location.host + '/static/eventLogger.v2.js';

              script.async = true;
              script.onload = () => {
                window.eventLogger = (() => {
                    const eventEndpoint = isLocalhost
                      ? '//localhost:8080/events'
                      : '//' + location.host + '/events';

                    if (typeof EventLogger === 'undefined') {
                      console.error('EventLogger is not defined');
                      return;
                    }
                    const eventLogger = EventLogger.create(eventEndpoint, 'homepage');

                    window.addEventListener('beforeunload', () => eventLogger.publish());

                    eventLogger.logEvent('pageView', {
                      userAgent: navigator.userAgent,
                      locale: navigator.language,
                      referrer: document.referrer,
                      path: document.location.pathname,
                      ...(document.location.search ? { query: document.location.search } : {}),
                    });
                    eventLogger.publish();

                    return eventLogger;
                  })();
              };

              document.body.appendChild(script);
            </script></html></body></html>